{"SeniorCitizen": {"mean": 0.1607111111111111, "std": 0.367296928042066, "p25": 0.0, "p75": 0.0}, "tenure": {"mean": 32.33528888888889, "std": 24.537143604736013, "p25": 9.0, "p75": 55.0}, "MonthlyCharges": {"mean": 64.69743111111111, "std": 30.173947563319835, "p25": 35.2, "p75": 89.9}, "TotalCharges": {"mean": 2275.300871111111, "std": 2265.0832468966237, "p25": 397.0, "p75": 3767.4}, "gender_Female": {"mean": 0.49315555555555557, "std": 0.49999759759182605, "p25": 0.0, "p75": 1.0}, "gender_Male": {"mean": 0.5068444444444444, "std": 0.49999759759182605, "p25": 0.0, "p75": 1.0}, "Partner_No": {"mean": 0.5191111111111111, "std": 0.4996790498280346, "p25": 0.0, "p75": 1.0}, "Partner_Yes": {"mean": 0.48088888888888887, "std": 0.4996790498280346, "p25": 0.0, "p75": 1.0}, "Dependents_No": {"mean": 0.7006222222222223, "std": 0.45802622151853484, "p25": 0.0, "p75": 1.0}, "Dependents_Yes": {"mean": 0.2993777777777778, "std": 0.45802622151853484, "p25": 0.0, "p75": 1.0}, "PhoneService_No": {"mean": 0.0976, "std": 0.29679942794207426, "p25": 0.0, "p75": 0.0}, "PhoneService_Yes": {"mean": 0.9024, "std": 0.29679942794207426, "p25": 1.0, "p75": 1.0}, "MultipleLines_No": {"mean": 0.4855111111111111, "std": 0.49983445971511176, "p25": 0.0, "p75": 1.0}, "MultipleLines_No_phone_service": {"mean": 0.0976, "std": 0.29679942794207426, "p25": 0.0, "p75": 0.0}, "MultipleLines_Yes": {"mean": 0.41688888888888886, "std": 0.4930879914845764, "p25": 0.0, "p75": 1.0}, "InternetService_DSL": {"mean": 0.3413333333333333, "std": 0.4741991826910553, "p25": 0.0, "p75": 1.0}, "InternetService_Fiber_optic": {"mean": 0.43946666666666667, "std": 0.49636631267488707, "p25": 0.0, "p75": 1.0}, "InternetService_No": {"mean": 0.2192, "std": 0.4137412141890561, "p25": 0.0, "p75": 0.0}, "OnlineSecurity_No": {"mean": 0.49333333333333335, "std": 0.5, "p25": 0.0, "p75": 1.0}, "OnlineSecurity_No_internet_service": {"mean": 0.2192, "std": 0.4137412141890561, "p25": 0.0, "p75": 0.0}, "OnlineSecurity_Yes": {"mean": 0.28746666666666665, "std": 0.45262125761496247, "p25": 0.0, "p75": 1.0}, "OnlineBackup_No": {"mean": 0.4343111111111111, "std": 0.4957102530417947, "p25": 0.0, "p75": 1.0}, "OnlineBackup_No_internet_service": {"mean": 0.2192, "std": 0.4137412141890561, "p25": 0.0, "p75": 0.0}, "OnlineBackup_Yes": {"mean": 0.3464888888888889, "std": 0.4758934764384843, "p25": 0.0, "p75": 1.0}, "DeviceProtection_No": {"mean": 0.43804444444444446, "std": 0.4961907687202309, "p25": 0.0, "p75": 1.0}, "DeviceProtection_No_internet_service": {"mean": 0.2192, "std": 0.4137412141890561, "p25": 0.0, "p75": 0.0}, "DeviceProtection_Yes": {"mean": 0.34275555555555554, "std": 0.4746727720823534, "p25": 0.0, "p75": 1.0}, "TechSupport_No": {"mean": 0.49102222222222225, "std": 0.4999638362139128, "p25": 0.0, "p75": 1.0}, "TechSupport_No_internet_service": {"mean": 0.2192, "std": 0.4137412141890561, "p25": 0.0, "p75": 0.0}, "TechSupport_Yes": {"mean": 0.2897777777777778, "std": 0.4536994728150841, "p25": 0.0, "p75": 1.0}, "StreamingTV_No": {"mean": 0.3950222222222222, "std": 0.48889892513801503, "p25": 0.0, "p75": 1.0}, "StreamingTV_No_internet_service": {"mean": 0.2192, "std": 0.4137412141890561, "p25": 0.0, "p75": 0.0}, "StreamingTV_Yes": {"mean": 0.3857777777777778, "std": 0.4868217502013449, "p25": 0.0, "p75": 1.0}, "StreamingMovies_No": {"mean": 0.3895111111111111, "std": 0.487682773038681, "p25": 0.0, "p75": 1.0}, "StreamingMovies_No_internet_service": {"mean": 0.2192, "std": 0.4137412141890561, "p25": 0.0, "p75": 0.0}, "StreamingMovies_Yes": {"mean": 0.3912888888888889, "std": 0.4880822116180117, "p25": 0.0, "p75": 1.0}, "Contract_Month_to_month": {"mean": 0.5488, "std": 0.49765709972298616, "p25": 0.0, "p75": 1.0}, "Contract_One_year": {"mean": 0.21173333333333333, "std": 0.4085731338327331, "p25": 0.0, "p75": 0.0}, "Contract_Two_year": {"mean": 0.23946666666666666, "std": 0.4267959293287688, "p25": 0.0, "p75": 0.0}, "PaperlessBilling_No": {"mean": 0.40871111111111114, "std": 0.4916394098415111, "p25": 0.0, "p75": 1.0}, "PaperlessBilling_Yes": {"mean": 0.5912888888888889, "std": 0.4916394098415111, "p25": 0.0, "p75": 1.0}, "PaymentMethod_Bank_transfer_automatic": {"mean": 0.21351111111111112, "std": 0.40982188207520015, "p25": 0.0, "p75": 0.0}, "PaymentMethod_Credit_card_automatic": {"mean": 0.21777777777777776, "std": 0.4127722219614741, "p25": 0.0, "p75": 0.0}, "PaymentMethod_Electronic_check": {"mean": 0.33813333333333334, "std": 0.4731162392244882, "p25": 0.0, "p75": 1.0}, "PaymentMethod_Mailed_check": {"mean": 0.23057777777777777, "std": 0.42124008787470035, "p25": 0.0, "p75": 0.0}}